"filename", "language", "SCSS", "CSS", "HTML", "JSON", "XML", "JavaScript", "comment", "blank", "total"
"/Users/louislebras/Dropbox/STAMINA/www/donzellissr/css/black.css", "CSS", 0, 0, 0, 0, 0, 0, 0, 1, 1
"/Users/louislebras/Dropbox/STAMINA/www/donzellissr/css/filters-system/main-filters.css", "CSS", 0, 0, 0, 0, 0, 0, 0, 1, 1
"/Users/louislebras/Dropbox/STAMINA/www/donzellissr/css/main.css", "CSS", 0, 1, 0, 0, 0, 0, 1, 0, 2
"/Users/louislebras/Dropbox/STAMINA/www/donzellissr/css/offers-page-studiopro/main-offers-page.css", "CSS", 0, 0, 0, 0, 0, 0, 0, 1, 1
"/Users/louislebras/Dropbox/STAMINA/www/donzellissr/css/products-style/main-product.css", "CSS", 0, 1, 0, 0, 0, 0, 0, 0, 1
"/Users/louislebras/Dropbox/STAMINA/www/donzellissr/dist/_components-styles.css", "CSS", 0, 1, 0, 0, 0, 0, 0, 0, 1
"/Users/louislebras/Dropbox/STAMINA/www/donzellissr/dist/about/_components-styles.css", "CSS", 0, 1, 0, 0, 0, 0, 0, 0, 1
"/Users/louislebras/Dropbox/STAMINA/www/donzellissr/dist/about/index.html", "HTML", 0, 0, 1493, 0, 0, 0, 31, 157, 1681
"/Users/louislebras/Dropbox/STAMINA/www/donzellissr/dist/blog/_components-styles.css", "CSS", 0, 1, 0, 0, 0, 0, 0, 0, 1
"/Users/louislebras/Dropbox/STAMINA/www/donzellissr/dist/blog/article-test/_components-styles.css", "CSS", 0, 1, 0, 0, 0, 0, 0, 0, 1
"/Users/louislebras/Dropbox/STAMINA/www/donzellissr/dist/blog/article-test/index.html", "HTML", 0, 0, 1475, 0, 0, 0, 31, 157, 1663
"/Users/louislebras/Dropbox/STAMINA/www/donzellissr/dist/blog/index.html", "HTML", 0, 0, 1474, 0, 0, 0, 31, 157, 1662
"/Users/louislebras/Dropbox/STAMINA/www/donzellissr/dist/contact/_components-styles.css", "CSS", 0, 1, 0, 0, 0, 0, 0, 0, 1
"/Users/louislebras/Dropbox/STAMINA/www/donzellissr/dist/contact/index.html", "HTML", 0, 0, 1604, 0, 0, 0, 32, 170, 1806
"/Users/louislebras/Dropbox/STAMINA/www/donzellissr/dist/css/black.css", "CSS", 0, 0, 0, 0, 0, 0, 0, 1, 1
"/Users/louislebras/Dropbox/STAMINA/www/donzellissr/dist/css/filters-system/main-filters.css", "CSS", 0, 0, 0, 0, 0, 0, 0, 1, 1
"/Users/louislebras/Dropbox/STAMINA/www/donzellissr/dist/css/main.css", "CSS", 0, 1, 0, 0, 0, 0, 1, 0, 2
"/Users/louislebras/Dropbox/STAMINA/www/donzellissr/dist/css/offers-page-studiopro/main-offers-page.css", "CSS", 0, 0, 0, 0, 0, 0, 0, 1, 1
"/Users/louislebras/Dropbox/STAMINA/www/donzellissr/dist/css/products-style/main-product.css", "CSS", 0, 1, 0, 0, 0, 0, 0, 0, 1
"/Users/louislebras/Dropbox/STAMINA/www/donzellissr/dist/feed/_components-styles.css", "CSS", 0, 1, 0, 0, 0, 0, 0, 0, 1
"/Users/louislebras/Dropbox/STAMINA/www/donzellissr/dist/feed/index.html", "HTML", 0, 0, 1687, 0, 0, 0, 31, 195, 1913
"/Users/louislebras/Dropbox/STAMINA/www/donzellissr/dist/index.html", "HTML", 0, 0, 1937, 0, 0, 0, 38, 219, 2194
"/Users/louislebras/Dropbox/STAMINA/www/donzellissr/dist/js/burger.js", "JavaScript", 0, 0, 0, 0, 0, 18, 0, 4, 22
"/Users/louislebras/Dropbox/STAMINA/www/donzellissr/dist/js/fixed-header.js", "JavaScript", 0, 0, 0, 0, 0, 29, 1, 5, 35
"/Users/louislebras/Dropbox/STAMINA/www/donzellissr/dist/js/js-build/burger-dist.js", "JavaScript", 0, 0, 0, 0, 0, 1, 1, 0, 2
"/Users/louislebras/Dropbox/STAMINA/www/donzellissr/dist/js/js-build/fixed-header-dist.js", "JavaScript", 0, 0, 0, 0, 0, 1, 1, 0, 2
"/Users/louislebras/Dropbox/STAMINA/www/donzellissr/dist/js/open-details.js", "JavaScript", 0, 0, 0, 0, 0, 23, 2, 5, 30
"/Users/louislebras/Dropbox/STAMINA/www/donzellissr/dist/js/open-history.js", "JavaScript", 0, 0, 0, 0, 0, 23, 2, 5, 30
"/Users/louislebras/Dropbox/STAMINA/www/donzellissr/dist/js/open-verified.js", "JavaScript", 0, 0, 0, 0, 0, 23, 2, 5, 30
"/Users/louislebras/Dropbox/STAMINA/www/donzellissr/dist/js/product-header.js", "JavaScript", 0, 0, 0, 0, 0, 35, 11, 10, 56
"/Users/louislebras/Dropbox/STAMINA/www/donzellissr/dist/js/selector-product.js", "JavaScript", 0, 0, 0, 0, 0, 42, 5, 8, 55
"/Users/louislebras/Dropbox/STAMINA/www/donzellissr/dist/js/sidebar-filter.js", "JavaScript", 0, 0, 0, 0, 0, 20, 0, 4, 24
"/Users/louislebras/Dropbox/STAMINA/www/donzellissr/dist/js/swiper.js", "JavaScript", 0, 0, 0, 0, 0, 21, 3, 4, 28
"/Users/louislebras/Dropbox/STAMINA/www/donzellissr/dist/js/whatsapp-button.js", "JavaScript", 0, 0, 0, 0, 0, 10, 2, 3, 15
"/Users/louislebras/Dropbox/STAMINA/www/donzellissr/dist/press/_components-styles.css", "CSS", 0, 1, 0, 0, 0, 0, 0, 0, 1
"/Users/louislebras/Dropbox/STAMINA/www/donzellissr/dist/press/index.html", "HTML", 0, 0, 1596, 0, 0, 0, 31, 168, 1795
"/Users/louislebras/Dropbox/STAMINA/www/donzellissr/dist/products/_components-styles.css", "CSS", 0, 1, 0, 0, 0, 0, 0, 0, 1
"/Users/louislebras/Dropbox/STAMINA/www/donzellissr/dist/products/flos/_components-styles.css", "CSS", 0, 1, 0, 0, 0, 0, 0, 0, 1
"/Users/louislebras/Dropbox/STAMINA/www/donzellissr/dist/products/flos/arco-lamp/_components-styles.css", "CSS", 0, 1, 0, 0, 0, 0, 0, 0, 1
"/Users/louislebras/Dropbox/STAMINA/www/donzellissr/dist/products/flos/arco-lamp/index.html", "HTML", 0, 0, 1473, 0, 0, 0, 31, 156, 1660
"/Users/louislebras/Dropbox/STAMINA/www/donzellissr/dist/products/flos/index.html", "HTML", 0, 0, 1474, 0, 0, 0, 31, 156, 1661
"/Users/louislebras/Dropbox/STAMINA/www/donzellissr/dist/products/flos/taccia-lamp/_components-styles.css", "CSS", 0, 1, 0, 0, 0, 0, 0, 0, 1
"/Users/louislebras/Dropbox/STAMINA/www/donzellissr/dist/products/flos/taccia-lamp/index.html", "HTML", 0, 0, 1551, 0, 0, 0, 31, 166, 1748
"/Users/louislebras/Dropbox/STAMINA/www/donzellissr/dist/products/index.html", "HTML", 0, 0, 1542, 0, 0, 0, 31, 158, 1731
"/Users/louislebras/Dropbox/STAMINA/www/donzellissr/dist/products/ligneroset/_components-styles.css", "CSS", 0, 1, 0, 0, 0, 0, 0, 0, 1
"/Users/louislebras/Dropbox/STAMINA/www/donzellissr/dist/products/ligneroset/index.html", "HTML", 0, 0, 1474, 0, 0, 0, 31, 156, 1661
"/Users/louislebras/Dropbox/STAMINA/www/donzellissr/dist/products/ligneroset/togo-sofa/_components-styles.css", "CSS", 0, 1, 0, 0, 0, 0, 0, 0, 1
"/Users/louislebras/Dropbox/STAMINA/www/donzellissr/dist/products/ligneroset/togo-sofa/index.html", "HTML", 0, 0, 2013, 0, 0, 0, 39, 245, 2297
"/Users/louislebras/Dropbox/STAMINA/www/donzellissr/dist/public/media/blockchain-accordion-studiopro.svg", "XML", 0, 0, 0, 0, 6, 0, 0, 1, 7
"/Users/louislebras/Dropbox/STAMINA/www/donzellissr/dist/public/media/brands-home-swiper/alessi-donzelli.svg", "XML", 0, 0, 0, 0, 3, 0, 0, 1, 4
"/Users/louislebras/Dropbox/STAMINA/www/donzellissr/dist/public/media/brands-home-swiper/bebitalia-donzelli.svg", "XML", 0, 0, 0, 0, 4, 0, 0, 1, 5
"/Users/louislebras/Dropbox/STAMINA/www/donzellissr/dist/public/media/brands-home-swiper/cassina-donzelli.svg", "XML", 0, 0, 0, 0, 3, 0, 0, 1, 4
"/Users/louislebras/Dropbox/STAMINA/www/donzellissr/dist/public/media/brands-home-swiper/ethnicraft-donzelli.svg", "XML", 0, 0, 0, 0, 9, 0, 0, 1, 10
"/Users/louislebras/Dropbox/STAMINA/www/donzellissr/dist/public/media/brands-home-swiper/flos-donzelli.svg", "XML", 0, 0, 0, 0, 6, 0, 0, 1, 7
"/Users/louislebras/Dropbox/STAMINA/www/donzellissr/dist/public/media/brands-home-swiper/gubi-donzelli.svg", "XML", 0, 0, 0, 0, 13, 0, 0, 1, 14
"/Users/louislebras/Dropbox/STAMINA/www/donzellissr/dist/public/media/brands-home-swiper/hermanmiller-donzelli.svg", "XML", 0, 0, 0, 0, 3, 0, 0, 1, 4
"/Users/louislebras/Dropbox/STAMINA/www/donzellissr/dist/public/media/brands-home-swiper/knoll-donzelli.svg", "XML", 0, 0, 0, 0, 4, 0, 0, 1, 5
"/Users/louislebras/Dropbox/STAMINA/www/donzellissr/dist/public/media/brands-home-swiper/ligneroset-donzelli.svg", "XML", 0, 0, 0, 0, 15, 0, 0, 1, 16
"/Users/louislebras/Dropbox/STAMINA/www/donzellissr/dist/public/media/brands-home-swiper/moooi-donzelli.svg", "XML", 0, 0, 0, 0, 10, 0, 0, 1, 11
"/Users/louislebras/Dropbox/STAMINA/www/donzellissr/dist/public/media/brands-home-swiper/muuto-donzelli.svg", "XML", 0, 0, 0, 0, 3, 0, 0, 1, 4
"/Users/louislebras/Dropbox/STAMINA/www/donzellissr/dist/public/media/brands-home-swiper/poltrona-frau-donzelli.svg", "XML", 0, 0, 0, 0, 3, 0, 0, 1, 4
"/Users/louislebras/Dropbox/STAMINA/www/donzellissr/dist/public/media/brands-home-swiper/rochebobois-donzelli.svg", "XML", 0, 0, 0, 0, 3, 0, 0, 1, 4
"/Users/louislebras/Dropbox/STAMINA/www/donzellissr/dist/public/media/brands-home-swiper/vitra-donzelli.svg", "XML", 0, 0, 0, 0, 9, 0, 0, 1, 10
"/Users/louislebras/Dropbox/STAMINA/www/donzellissr/dist/public/media/collabs-accordion-studiopro.svg", "XML", 0, 0, 0, 0, 25, 0, 0, 1, 26
"/Users/louislebras/Dropbox/STAMINA/www/donzellissr/dist/public/media/conciergerie-accordion-studiopro.svg", "XML", 0, 0, 0, 0, 6, 0, 0, 1, 7
"/Users/louislebras/Dropbox/STAMINA/www/donzellissr/dist/public/media/inspiration-platform-accordion-studiopro.svg", "XML", 0, 0, 0, 0, 26, 0, 0, 1, 27
"/Users/louislebras/Dropbox/STAMINA/www/donzellissr/dist/public/media/svg-assets/arrow-back-white.svg", "XML", 0, 0, 0, 0, 3, 0, 0, 1, 4
"/Users/louislebras/Dropbox/STAMINA/www/donzellissr/dist/public/media/svg-assets/arrow-back.svg", "XML", 0, 0, 0, 0, 3, 0, 0, 1, 4
"/Users/louislebras/Dropbox/STAMINA/www/donzellissr/dist/public/media/svg-assets/arrow-white.svg", "XML", 0, 0, 0, 0, 3, 0, 0, 1, 4
"/Users/louislebras/Dropbox/STAMINA/www/donzellissr/dist/public/media/svg-assets/arrow.svg", "XML", 0, 0, 0, 0, 3, 0, 0, 1, 4
"/Users/louislebras/Dropbox/STAMINA/www/donzellissr/dist/public/media/svg-assets/benefit-arrow-white.svg", "XML", 0, 0, 0, 0, 3, 0, 0, 1, 4
"/Users/louislebras/Dropbox/STAMINA/www/donzellissr/dist/public/media/svg-assets/blockchain-icon-studiopro-donzelli.svg", "XML", 0, 0, 0, 0, 7, 0, 0, 1, 8
"/Users/louislebras/Dropbox/STAMINA/www/donzellissr/dist/public/media/svg-assets/collabs-partnerships-icon-studiopro-donzelli.svg", "XML", 0, 0, 0, 0, 7, 0, 0, 1, 8
"/Users/louislebras/Dropbox/STAMINA/www/donzellissr/dist/public/media/svg-assets/conciergerie-brandgrowth-icon-studiopro-donzelli.svg", "XML", 0, 0, 0, 0, 7, 0, 0, 1, 8
"/Users/louislebras/Dropbox/STAMINA/www/donzellissr/dist/public/media/svg-assets/cross-white.svg", "XML", 0, 0, 0, 0, 4, 0, 0, 1, 5
"/Users/louislebras/Dropbox/STAMINA/www/donzellissr/dist/public/media/svg-assets/feed.svg", "XML", 0, 0, 0, 0, 3, 0, 0, 1, 4
"/Users/louislebras/Dropbox/STAMINA/www/donzellissr/dist/public/media/svg-assets/inspiration-platform-icon-studiopro-donzelli.svg", "XML", 0, 0, 0, 0, 7, 0, 0, 1, 8
"/Users/louislebras/Dropbox/STAMINA/www/donzellissr/dist/public/media/svg-assets/logo-donzelli-black.svg", "XML", 0, 0, 0, 0, 11, 0, 0, 1, 12
"/Users/louislebras/Dropbox/STAMINA/www/donzellissr/dist/public/media/svg-assets/logo-donzelli-studio-pro-white.svg", "XML", 0, 0, 0, 0, 23, 0, 0, 1, 24
"/Users/louislebras/Dropbox/STAMINA/www/donzellissr/dist/public/media/svg-assets/logo-donzelli-white-loader.svg", "XML", 0, 0, 0, 0, 27, 0, 0, 1, 28
"/Users/louislebras/Dropbox/STAMINA/www/donzellissr/dist/public/media/svg-assets/logo-donzelli-white.svg", "XML", 0, 0, 0, 0, 11, 0, 0, 1, 12
"/Users/louislebras/Dropbox/STAMINA/www/donzellissr/dist/public/media/svg-assets/logo-inline-studiopro-donzelli.svg", "XML", 0, 0, 0, 0, 4, 0, 0, 1, 5
"/Users/louislebras/Dropbox/STAMINA/www/donzellissr/dist/public/media/svg-assets/map-offices-donzelli.svg", "XML", 0, 0, 0, 0, 75, 0, 0, 1, 76
"/Users/louislebras/Dropbox/STAMINA/www/donzellissr/dist/public/media/svg-assets/moins-icon-grey.svg", "XML", 0, 0, 0, 0, 5, 0, 0, 1, 6
"/Users/louislebras/Dropbox/STAMINA/www/donzellissr/dist/public/media/svg-assets/moins-icon.svg", "XML", 0, 0, 0, 0, 3, 0, 0, 1, 4
"/Users/louislebras/Dropbox/STAMINA/www/donzellissr/dist/public/media/svg-assets/plus-icon-grey.svg", "XML", 0, 0, 0, 0, 6, 0, 0, 1, 7
"/Users/louislebras/Dropbox/STAMINA/www/donzellissr/dist/public/media/svg-assets/plus-icon-white.svg", "XML", 0, 0, 0, 0, 3, 0, 0, 1, 4
"/Users/louislebras/Dropbox/STAMINA/www/donzellissr/dist/public/media/svg-assets/plus-icon.svg", "XML", 0, 0, 0, 0, 4, 0, 0, 1, 5
"/Users/louislebras/Dropbox/STAMINA/www/donzellissr/dist/public/media/svg-assets/tailormade-projects-icon-studiopro-donzelli.svg", "XML", 0, 0, 0, 0, 7, 0, 0, 1, 8
"/Users/louislebras/Dropbox/STAMINA/www/donzellissr/dist/public/media/svg-assets/verified-icon-white.svg", "XML", 0, 0, 0, 0, 3, 0, 0, 1, 4
"/Users/louislebras/Dropbox/STAMINA/www/donzellissr/dist/public/media/svg-assets/whatsapp-logo-white.svg", "XML", 0, 0, 0, 0, 4, 0, 0, 1, 5
"/Users/louislebras/Dropbox/STAMINA/www/donzellissr/dist/public/media/tailormade-accordion-studiopro.svg", "XML", 0, 0, 0, 0, 9, 0, 0, 1, 10
"/Users/louislebras/Dropbox/STAMINA/www/donzellissr/dist/studiopro/_components-styles.css", "CSS", 0, 1, 0, 0, 0, 0, 0, 0, 1
"/Users/louislebras/Dropbox/STAMINA/www/donzellissr/dist/studiopro/growth-services/_components-styles.css", "CSS", 0, 1, 0, 0, 0, 0, 0, 0, 1
"/Users/louislebras/Dropbox/STAMINA/www/donzellissr/dist/studiopro/growth-services/index.html", "HTML", 0, 0, 1737, 0, 0, 0, 31, 176, 1944
"/Users/louislebras/Dropbox/STAMINA/www/donzellissr/dist/studiopro/index.html", "HTML", 0, 0, 2011, 0, 0, 0, 42, 222, 2275
"/Users/louislebras/Dropbox/STAMINA/www/donzellissr/js/burger.js", "JavaScript", 0, 0, 0, 0, 0, 18, 0, 4, 22
"/Users/louislebras/Dropbox/STAMINA/www/donzellissr/js/fixed-header.js", "JavaScript", 0, 0, 0, 0, 0, 29, 1, 5, 35
"/Users/louislebras/Dropbox/STAMINA/www/donzellissr/js/js-build/burger-dist.js", "JavaScript", 0, 0, 0, 0, 0, 1, 1, 0, 2
"/Users/louislebras/Dropbox/STAMINA/www/donzellissr/js/js-build/fixed-header-dist.js", "JavaScript", 0, 0, 0, 0, 0, 1, 1, 0, 2
"/Users/louislebras/Dropbox/STAMINA/www/donzellissr/js/open-details.js", "JavaScript", 0, 0, 0, 0, 0, 23, 2, 5, 30
"/Users/louislebras/Dropbox/STAMINA/www/donzellissr/js/open-history.js", "JavaScript", 0, 0, 0, 0, 0, 23, 2, 5, 30
"/Users/louislebras/Dropbox/STAMINA/www/donzellissr/js/open-verified.js", "JavaScript", 0, 0, 0, 0, 0, 23, 2, 5, 30
"/Users/louislebras/Dropbox/STAMINA/www/donzellissr/js/product-header.js", "JavaScript", 0, 0, 0, 0, 0, 35, 11, 10, 56
"/Users/louislebras/Dropbox/STAMINA/www/donzellissr/js/selector-product.js", "JavaScript", 0, 0, 0, 0, 0, 42, 5, 8, 55
"/Users/louislebras/Dropbox/STAMINA/www/donzellissr/js/sidebar-filter.js", "JavaScript", 0, 0, 0, 0, 0, 20, 0, 4, 24
"/Users/louislebras/Dropbox/STAMINA/www/donzellissr/js/swiper.js", "JavaScript", 0, 0, 0, 0, 0, 21, 3, 4, 28
"/Users/louislebras/Dropbox/STAMINA/www/donzellissr/js/whatsapp-button.js", "JavaScript", 0, 0, 0, 0, 0, 10, 2, 3, 15
"/Users/louislebras/Dropbox/STAMINA/www/donzellissr/layout/footer/index.css", "CSS", 0, 1, 0, 0, 0, 0, 0, 0, 1
"/Users/louislebras/Dropbox/STAMINA/www/donzellissr/layout/footer/index.html", "HTML", 0, 0, 66, 0, 0, 0, 0, 6, 72
"/Users/louislebras/Dropbox/STAMINA/www/donzellissr/layout/footer/index.scss", "SCSS", 105, 0, 0, 0, 0, 0, 3, 13, 121
"/Users/louislebras/Dropbox/STAMINA/www/donzellissr/layout/header-desk/_containerfeed.scss", "SCSS", 267, 0, 0, 0, 0, 0, 13, 43, 323
"/Users/louislebras/Dropbox/STAMINA/www/donzellissr/layout/header-desk/_inside-panel-styles.scss", "SCSS", 26, 0, 0, 0, 0, 0, 0, 2, 28
"/Users/louislebras/Dropbox/STAMINA/www/donzellissr/layout/header-desk/index.css", "CSS", 0, 1, 0, 0, 0, 0, 0, 0, 1
"/Users/louislebras/Dropbox/STAMINA/www/donzellissr/layout/header-desk/index.html", "HTML", 0, 0, 702, 0, 0, 0, 11, 67, 780
"/Users/louislebras/Dropbox/STAMINA/www/donzellissr/layout/header-desk/index.scss", "SCSS", 148, 0, 0, 0, 0, 0, 10, 21, 179
"/Users/louislebras/Dropbox/STAMINA/www/donzellissr/layout/header-mobile/index.css", "CSS", 0, 1, 0, 0, 0, 0, 0, 0, 1
"/Users/louislebras/Dropbox/STAMINA/www/donzellissr/layout/header-mobile/index.html", "HTML", 0, 0, 54, 0, 0, 0, 0, 12, 66
"/Users/louislebras/Dropbox/STAMINA/www/donzellissr/layout/header-mobile/index.scss", "SCSS", 90, 0, 0, 0, 0, 0, 1, 12, 103
"/Users/louislebras/Dropbox/STAMINA/www/donzellissr/layout/loader/index.css", "CSS", 0, 1, 0, 0, 0, 0, 0, 0, 1
"/Users/louislebras/Dropbox/STAMINA/www/donzellissr/layout/loader/index.html", "HTML", 0, 0, 6, 0, 0, 0, 1, 2, 9
"/Users/louislebras/Dropbox/STAMINA/www/donzellissr/layout/loader/index.scss", "SCSS", 80, 0, 0, 0, 0, 0, 5, 13, 98
"/Users/louislebras/Dropbox/STAMINA/www/donzellissr/layout/noise/index.css", "CSS", 0, 1, 0, 0, 0, 0, 0, 0, 1
"/Users/louislebras/Dropbox/STAMINA/www/donzellissr/layout/noise/index.html", "HTML", 0, 0, 1, 0, 0, 0, 0, 0, 1
"/Users/louislebras/Dropbox/STAMINA/www/donzellissr/layout/noise/index.scss", "SCSS", 83, 0, 0, 0, 0, 0, 0, 8, 91
"/Users/louislebras/Dropbox/STAMINA/www/donzellissr/layout/product-table/index.css", "CSS", 0, 1, 0, 0, 0, 0, 0, 0, 1
"/Users/louislebras/Dropbox/STAMINA/www/donzellissr/layout/product-table/index.html", "HTML", 0, 0, 70, 0, 0, 0, 0, 2, 72
"/Users/louislebras/Dropbox/STAMINA/www/donzellissr/layout/product-table/index.scss", "SCSS", 60, 0, 0, 0, 0, 0, 1, 9, 70
"/Users/louislebras/Dropbox/STAMINA/www/donzellissr/layout/sidebar-desk/index.css", "CSS", 0, 1, 0, 0, 0, 0, 0, 0, 1
"/Users/louislebras/Dropbox/STAMINA/www/donzellissr/layout/sidebar-desk/index.html", "HTML", 0, 0, 26, 0, 0, 0, 0, 3, 29
"/Users/louislebras/Dropbox/STAMINA/www/donzellissr/layout/sidebar-desk/index.scss", "SCSS", 106, 0, 0, 0, 0, 0, 4, 14, 124
"/Users/louislebras/Dropbox/STAMINA/www/donzellissr/layout/sidebar-mobile/index.css", "CSS", 0, 1, 0, 0, 0, 0, 0, 0, 1
"/Users/louislebras/Dropbox/STAMINA/www/donzellissr/layout/sidebar-mobile/index.html", "HTML", 0, 0, 591, 0, 0, 0, 20, 60, 671
"/Users/louislebras/Dropbox/STAMINA/www/donzellissr/layout/sidebar-mobile/index.scss", "SCSS", 399, 0, 0, 0, 0, 0, 5, 52, 456
"/Users/louislebras/Dropbox/STAMINA/www/donzellissr/layout/whatsappbutton/index.css", "CSS", 0, 1, 0, 0, 0, 0, 0, 0, 1
"/Users/louislebras/Dropbox/STAMINA/www/donzellissr/layout/whatsappbutton/index.html", "HTML", 0, 0, 4, 0, 0, 0, 0, 0, 4
"/Users/louislebras/Dropbox/STAMINA/www/donzellissr/layout/whatsappbutton/index.scss", "SCSS", 45, 0, 0, 0, 0, 0, 2, 6, 53
"/Users/louislebras/Dropbox/STAMINA/www/donzellissr/package.json", "JSON", 0, 0, 0, 7, 0, 0, 0, 1, 8
"/Users/louislebras/Dropbox/STAMINA/www/donzellissr/pages/about/index.css", "CSS", 0, 1, 0, 0, 0, 0, 0, 0, 1
"/Users/louislebras/Dropbox/STAMINA/www/donzellissr/pages/about/index.html", "HTML", 0, 0, 20, 0, 0, 0, 0, 0, 20
"/Users/louislebras/Dropbox/STAMINA/www/donzellissr/pages/about/index.scss", "SCSS", 8, 0, 0, 0, 0, 0, 1, 2, 11
"/Users/louislebras/Dropbox/STAMINA/www/donzellissr/pages/about/meta.html", "HTML", 0, 0, 2, 0, 0, 0, 0, 1, 3
"/Users/louislebras/Dropbox/STAMINA/www/donzellissr/pages/blog/article-test/index.css", "CSS", 0, 1, 0, 0, 0, 0, 0, 0, 1
"/Users/louislebras/Dropbox/STAMINA/www/donzellissr/pages/blog/article-test/index.html", "HTML", 0, 0, 1, 0, 0, 0, 0, 1, 2
"/Users/louislebras/Dropbox/STAMINA/www/donzellissr/pages/blog/article-test/index.scss", "SCSS", 3, 0, 0, 0, 0, 0, 0, 1, 4
"/Users/louislebras/Dropbox/STAMINA/www/donzellissr/pages/blog/article-test/meta.html", "HTML", 0, 0, 2, 0, 0, 0, 0, 1, 3
"/Users/louislebras/Dropbox/STAMINA/www/donzellissr/pages/blog/index.css", "CSS", 0, 1, 0, 0, 0, 0, 0, 0, 1
"/Users/louislebras/Dropbox/STAMINA/www/donzellissr/pages/blog/index.html", "HTML", 0, 0, 1, 0, 0, 0, 0, 1, 2
"/Users/louislebras/Dropbox/STAMINA/www/donzellissr/pages/blog/index.scss", "SCSS", 3, 0, 0, 0, 0, 0, 0, 1, 4
"/Users/louislebras/Dropbox/STAMINA/www/donzellissr/pages/blog/meta.html", "HTML", 0, 0, 1, 0, 0, 0, 0, 1, 2
"/Users/louislebras/Dropbox/STAMINA/www/donzellissr/pages/contact/_form-container-contact.scss", "SCSS", 72, 0, 0, 0, 0, 0, 2, 11, 85
"/Users/louislebras/Dropbox/STAMINA/www/donzellissr/pages/contact/index.css", "CSS", 0, 1, 0, 0, 0, 0, 0, 0, 1
"/Users/louislebras/Dropbox/STAMINA/www/donzellissr/pages/contact/index.html", "HTML", 0, 0, 131, 0, 0, 0, 1, 13, 145
"/Users/louislebras/Dropbox/STAMINA/www/donzellissr/pages/contact/index.scss", "SCSS", 108, 0, 0, 0, 0, 0, 0, 14, 122
"/Users/louislebras/Dropbox/STAMINA/www/donzellissr/pages/contact/meta.html", "HTML", 0, 0, 2, 0, 0, 0, 0, 1, 3
"/Users/louislebras/Dropbox/STAMINA/www/donzellissr/pages/feed/index.css", "CSS", 0, 1, 0, 0, 0, 0, 0, 0, 1
"/Users/louislebras/Dropbox/STAMINA/www/donzellissr/pages/feed/index.html", "HTML", 0, 0, 146, 0, 0, 0, 0, 37, 183
"/Users/louislebras/Dropbox/STAMINA/www/donzellissr/pages/feed/index.scss", "SCSS", 78, 0, 0, 0, 0, 0, 1, 12, 91
"/Users/louislebras/Dropbox/STAMINA/www/donzellissr/pages/feed/meta.html", "HTML", 0, 0, 0, 0, 0, 0, 0, 1, 1
"/Users/louislebras/Dropbox/STAMINA/www/donzellissr/pages/index/_brands-pro-section-home.scss", "SCSS", 203, 0, 0, 0, 0, 0, 10, 25, 238
"/Users/louislebras/Dropbox/STAMINA/www/donzellissr/pages/index/_collections-home.scss", "SCSS", 87, 0, 0, 0, 0, 0, 7, 12, 106
"/Users/louislebras/Dropbox/STAMINA/www/donzellissr/pages/index/_feed-home.scss", "SCSS", 106, 0, 0, 0, 0, 0, 1, 7, 114
"/Users/louislebras/Dropbox/STAMINA/www/donzellissr/pages/index/_heading-home.scss", "SCSS", 42, 0, 0, 0, 0, 0, 1, 6, 49
"/Users/louislebras/Dropbox/STAMINA/www/donzellissr/pages/index/_items-home.scss", "SCSS", 113, 0, 0, 0, 0, 0, 3, 15, 131
"/Users/louislebras/Dropbox/STAMINA/www/donzellissr/pages/index/_spaces-home.scss", "SCSS", 68, 0, 0, 0, 0, 0, 2, 8, 78
"/Users/louislebras/Dropbox/STAMINA/www/donzellissr/pages/index/index.css", "CSS", 0, 1, 0, 0, 0, 0, 0, 0, 1
"/Users/louislebras/Dropbox/STAMINA/www/donzellissr/pages/index/index.html", "HTML", 0, 0, 464, 0, 0, 0, 7, 62, 533
"/Users/louislebras/Dropbox/STAMINA/www/donzellissr/pages/index/index.scss", "SCSS", 47, 0, 0, 0, 0, 0, 0, 8, 55
"/Users/louislebras/Dropbox/STAMINA/www/donzellissr/pages/index/meta.html", "HTML", 0, 0, 2, 0, 0, 0, 0, 1, 3
"/Users/louislebras/Dropbox/STAMINA/www/donzellissr/pages/press/index.css", "CSS", 0, 1, 0, 0, 0, 0, 0, 0, 1
"/Users/louislebras/Dropbox/STAMINA/www/donzellissr/pages/press/index.html", "HTML", 0, 0, 124, 0, 0, 0, 0, 12, 136
"/Users/louislebras/Dropbox/STAMINA/www/donzellissr/pages/press/index.scss", "SCSS", 125, 0, 0, 0, 0, 0, 3, 18, 146
"/Users/louislebras/Dropbox/STAMINA/www/donzellissr/pages/products/flos/arco-lamp/index.css", "CSS", 0, 0, 0, 0, 0, 0, 0, 1, 1
"/Users/louislebras/Dropbox/STAMINA/www/donzellissr/pages/products/flos/arco-lamp/index.html", "HTML", 0, 0, 0, 0, 0, 0, 0, 1, 1
"/Users/louislebras/Dropbox/STAMINA/www/donzellissr/pages/products/flos/arco-lamp/index.scss", "SCSS", 0, 0, 0, 0, 0, 0, 0, 1, 1
"/Users/louislebras/Dropbox/STAMINA/www/donzellissr/pages/products/flos/arco-lamp/meta.html", "HTML", 0, 0, 0, 0, 0, 0, 0, 1, 1
"/Users/louislebras/Dropbox/STAMINA/www/donzellissr/pages/products/flos/taccia-lamp/index.css", "CSS", 0, 0, 0, 0, 0, 0, 0, 1, 1
"/Users/louislebras/Dropbox/STAMINA/www/donzellissr/pages/products/flos/taccia-lamp/index.html", "HTML", 0, 0, 79, 0, 0, 0, 0, 10, 89
"/Users/louislebras/Dropbox/STAMINA/www/donzellissr/pages/products/flos/taccia-lamp/index.scss", "SCSS", 0, 0, 0, 0, 0, 0, 0, 1, 1
"/Users/louislebras/Dropbox/STAMINA/www/donzellissr/pages/products/flos/taccia-lamp/meta.html", "HTML", 0, 0, 0, 0, 0, 0, 0, 1, 1
"/Users/louislebras/Dropbox/STAMINA/www/donzellissr/pages/products/index.html", "HTML", 0, 0, 0, 0, 0, 0, 0, 1, 1
"/Users/louislebras/Dropbox/STAMINA/www/donzellissr/pages/products/ligneroset/togo-sofa/index.css", "CSS", 0, 0, 0, 0, 0, 0, 0, 1, 1
"/Users/louislebras/Dropbox/STAMINA/www/donzellissr/pages/products/ligneroset/togo-sofa/index.html", "HTML", 0, 0, 541, 0, 0, 0, 8, 89, 638
"/Users/louislebras/Dropbox/STAMINA/www/donzellissr/pages/products/ligneroset/togo-sofa/index.scss", "SCSS", 0, 0, 0, 0, 0, 0, 0, 1, 1
"/Users/louislebras/Dropbox/STAMINA/www/donzellissr/pages/products/ligneroset/togo-sofa/meta.html", "HTML", 0, 0, 0, 0, 0, 0, 0, 1, 1
"/Users/louislebras/Dropbox/STAMINA/www/donzellissr/pages/studiopro/growth-services/index.css", "CSS", 0, 1, 0, 0, 0, 0, 0, 0, 1
"/Users/louislebras/Dropbox/STAMINA/www/donzellissr/pages/studiopro/growth-services/index.html", "HTML", 0, 0, 265, 0, 0, 0, 0, 20, 285
"/Users/louislebras/Dropbox/STAMINA/www/donzellissr/pages/studiopro/growth-services/index.scss", "SCSS", 2, 0, 0, 0, 0, 0, 0, 1, 3
"/Users/louislebras/Dropbox/STAMINA/www/donzellissr/pages/studiopro/growth-services/meta.html", "HTML", 0, 0, 0, 0, 0, 0, 0, 1, 1
"/Users/louislebras/Dropbox/STAMINA/www/donzellissr/pages/studiopro/index.css", "CSS", 0, 1, 0, 0, 0, 0, 0, 0, 1
"/Users/louislebras/Dropbox/STAMINA/www/donzellissr/pages/studiopro/index.html", "HTML", 0, 0, 533, 0, 0, 0, 11, 65, 609
"/Users/louislebras/Dropbox/STAMINA/www/donzellissr/pages/studiopro/index.scss", "SCSS", 574, 0, 0, 0, 0, 0, 40, 81, 695
"/Users/louislebras/Dropbox/STAMINA/www/donzellissr/pages/studiopro/meta.html", "HTML", 0, 0, 7, 0, 0, 0, 0, 1, 8
"/Users/louislebras/Dropbox/STAMINA/www/donzellissr/public/media/blockchain-accordion-studiopro.svg", "XML", 0, 0, 0, 0, 6, 0, 0, 1, 7
"/Users/louislebras/Dropbox/STAMINA/www/donzellissr/public/media/brands-home-swiper/alessi-donzelli.svg", "XML", 0, 0, 0, 0, 3, 0, 0, 1, 4
"/Users/louislebras/Dropbox/STAMINA/www/donzellissr/public/media/brands-home-swiper/bebitalia-donzelli.svg", "XML", 0, 0, 0, 0, 4, 0, 0, 1, 5
"/Users/louislebras/Dropbox/STAMINA/www/donzellissr/public/media/brands-home-swiper/cassina-donzelli.svg", "XML", 0, 0, 0, 0, 3, 0, 0, 1, 4
"/Users/louislebras/Dropbox/STAMINA/www/donzellissr/public/media/brands-home-swiper/ethnicraft-donzelli.svg", "XML", 0, 0, 0, 0, 9, 0, 0, 1, 10
"/Users/louislebras/Dropbox/STAMINA/www/donzellissr/public/media/brands-home-swiper/flos-donzelli.svg", "XML", 0, 0, 0, 0, 6, 0, 0, 1, 7
"/Users/louislebras/Dropbox/STAMINA/www/donzellissr/public/media/brands-home-swiper/gubi-donzelli.svg", "XML", 0, 0, 0, 0, 13, 0, 0, 1, 14
"/Users/louislebras/Dropbox/STAMINA/www/donzellissr/public/media/brands-home-swiper/hermanmiller-donzelli.svg", "XML", 0, 0, 0, 0, 3, 0, 0, 1, 4
"/Users/louislebras/Dropbox/STAMINA/www/donzellissr/public/media/brands-home-swiper/knoll-donzelli.svg", "XML", 0, 0, 0, 0, 4, 0, 0, 1, 5
"/Users/louislebras/Dropbox/STAMINA/www/donzellissr/public/media/brands-home-swiper/ligneroset-donzelli.svg", "XML", 0, 0, 0, 0, 15, 0, 0, 1, 16
"/Users/louislebras/Dropbox/STAMINA/www/donzellissr/public/media/brands-home-swiper/moooi-donzelli.svg", "XML", 0, 0, 0, 0, 10, 0, 0, 1, 11
"/Users/louislebras/Dropbox/STAMINA/www/donzellissr/public/media/brands-home-swiper/muuto-donzelli.svg", "XML", 0, 0, 0, 0, 3, 0, 0, 1, 4
"/Users/louislebras/Dropbox/STAMINA/www/donzellissr/public/media/brands-home-swiper/poltrona-frau-donzelli.svg", "XML", 0, 0, 0, 0, 3, 0, 0, 1, 4
"/Users/louislebras/Dropbox/STAMINA/www/donzellissr/public/media/brands-home-swiper/rochebobois-donzelli.svg", "XML", 0, 0, 0, 0, 3, 0, 0, 1, 4
"/Users/louislebras/Dropbox/STAMINA/www/donzellissr/public/media/brands-home-swiper/vitra-donzelli.svg", "XML", 0, 0, 0, 0, 9, 0, 0, 1, 10
"/Users/louislebras/Dropbox/STAMINA/www/donzellissr/public/media/collabs-accordion-studiopro.svg", "XML", 0, 0, 0, 0, 25, 0, 0, 1, 26
"/Users/louislebras/Dropbox/STAMINA/www/donzellissr/public/media/conciergerie-accordion-studiopro.svg", "XML", 0, 0, 0, 0, 6, 0, 0, 1, 7
"/Users/louislebras/Dropbox/STAMINA/www/donzellissr/public/media/inspiration-platform-accordion-studiopro.svg", "XML", 0, 0, 0, 0, 26, 0, 0, 1, 27
"/Users/louislebras/Dropbox/STAMINA/www/donzellissr/public/media/svg-assets/arrow-back-white.svg", "XML", 0, 0, 0, 0, 3, 0, 0, 1, 4
"/Users/louislebras/Dropbox/STAMINA/www/donzellissr/public/media/svg-assets/arrow-back.svg", "XML", 0, 0, 0, 0, 3, 0, 0, 1, 4
"/Users/louislebras/Dropbox/STAMINA/www/donzellissr/public/media/svg-assets/arrow-white.svg", "XML", 0, 0, 0, 0, 3, 0, 0, 1, 4
"/Users/louislebras/Dropbox/STAMINA/www/donzellissr/public/media/svg-assets/arrow.svg", "XML", 0, 0, 0, 0, 3, 0, 0, 1, 4
"/Users/louislebras/Dropbox/STAMINA/www/donzellissr/public/media/svg-assets/benefit-arrow-white.svg", "XML", 0, 0, 0, 0, 3, 0, 0, 1, 4
"/Users/louislebras/Dropbox/STAMINA/www/donzellissr/public/media/svg-assets/blockchain-icon-studiopro-donzelli.svg", "XML", 0, 0, 0, 0, 7, 0, 0, 1, 8
"/Users/louislebras/Dropbox/STAMINA/www/donzellissr/public/media/svg-assets/collabs-partnerships-icon-studiopro-donzelli.svg", "XML", 0, 0, 0, 0, 7, 0, 0, 1, 8
"/Users/louislebras/Dropbox/STAMINA/www/donzellissr/public/media/svg-assets/conciergerie-brandgrowth-icon-studiopro-donzelli.svg", "XML", 0, 0, 0, 0, 7, 0, 0, 1, 8
"/Users/louislebras/Dropbox/STAMINA/www/donzellissr/public/media/svg-assets/cross-white.svg", "XML", 0, 0, 0, 0, 4, 0, 0, 1, 5
"/Users/louislebras/Dropbox/STAMINA/www/donzellissr/public/media/svg-assets/feed.svg", "XML", 0, 0, 0, 0, 3, 0, 0, 1, 4
"/Users/louislebras/Dropbox/STAMINA/www/donzellissr/public/media/svg-assets/inspiration-platform-icon-studiopro-donzelli.svg", "XML", 0, 0, 0, 0, 7, 0, 0, 1, 8
"/Users/louislebras/Dropbox/STAMINA/www/donzellissr/public/media/svg-assets/logo-donzelli-black.svg", "XML", 0, 0, 0, 0, 11, 0, 0, 1, 12
"/Users/louislebras/Dropbox/STAMINA/www/donzellissr/public/media/svg-assets/logo-donzelli-studio-pro-white.svg", "XML", 0, 0, 0, 0, 23, 0, 0, 1, 24
"/Users/louislebras/Dropbox/STAMINA/www/donzellissr/public/media/svg-assets/logo-donzelli-white-loader.svg", "XML", 0, 0, 0, 0, 27, 0, 0, 1, 28
"/Users/louislebras/Dropbox/STAMINA/www/donzellissr/public/media/svg-assets/logo-donzelli-white.svg", "XML", 0, 0, 0, 0, 11, 0, 0, 1, 12
"/Users/louislebras/Dropbox/STAMINA/www/donzellissr/public/media/svg-assets/logo-inline-studiopro-donzelli.svg", "XML", 0, 0, 0, 0, 4, 0, 0, 1, 5
"/Users/louislebras/Dropbox/STAMINA/www/donzellissr/public/media/svg-assets/map-offices-donzelli.svg", "XML", 0, 0, 0, 0, 75, 0, 0, 1, 76
"/Users/louislebras/Dropbox/STAMINA/www/donzellissr/public/media/svg-assets/moins-icon-grey.svg", "XML", 0, 0, 0, 0, 5, 0, 0, 1, 6
"/Users/louislebras/Dropbox/STAMINA/www/donzellissr/public/media/svg-assets/moins-icon.svg", "XML", 0, 0, 0, 0, 3, 0, 0, 1, 4
"/Users/louislebras/Dropbox/STAMINA/www/donzellissr/public/media/svg-assets/plus-icon-grey.svg", "XML", 0, 0, 0, 0, 6, 0, 0, 1, 7
"/Users/louislebras/Dropbox/STAMINA/www/donzellissr/public/media/svg-assets/plus-icon-white.svg", "XML", 0, 0, 0, 0, 3, 0, 0, 1, 4
"/Users/louislebras/Dropbox/STAMINA/www/donzellissr/public/media/svg-assets/plus-icon.svg", "XML", 0, 0, 0, 0, 4, 0, 0, 1, 5
"/Users/louislebras/Dropbox/STAMINA/www/donzellissr/public/media/svg-assets/tailormade-projects-icon-studiopro-donzelli.svg", "XML", 0, 0, 0, 0, 7, 0, 0, 1, 8
"/Users/louislebras/Dropbox/STAMINA/www/donzellissr/public/media/svg-assets/verified-icon-white.svg", "XML", 0, 0, 0, 0, 3, 0, 0, 1, 4
"/Users/louislebras/Dropbox/STAMINA/www/donzellissr/public/media/svg-assets/whatsapp-logo-white.svg", "XML", 0, 0, 0, 0, 4, 0, 0, 1, 5
"/Users/louislebras/Dropbox/STAMINA/www/donzellissr/public/media/tailormade-accordion-studiopro.svg", "XML", 0, 0, 0, 0, 9, 0, 0, 1, 10
"/Users/louislebras/Dropbox/STAMINA/www/donzellissr/scss/_black-theme.scss", "SCSS", 334, 0, 0, 0, 0, 0, 1, 73, 408
"/Users/louislebras/Dropbox/STAMINA/www/donzellissr/scss/_fonts.scss", "SCSS", 8, 0, 0, 0, 0, 0, 0, 1, 9
"/Users/louislebras/Dropbox/STAMINA/www/donzellissr/scss/_reset.scss", "SCSS", 223, 0, 0, 0, 0, 0, 0, 31, 254
"/Users/louislebras/Dropbox/STAMINA/www/donzellissr/scss/_typography.scss", "SCSS", 385, 0, 0, 0, 0, 0, 7, 39, 431
"/Users/louislebras/Dropbox/STAMINA/www/donzellissr/scss/_variables.scss", "SCSS", 9, 0, 0, 0, 0, 0, 19, 5, 33
"/Users/louislebras/Dropbox/STAMINA/www/donzellissr/scss/black.scss", "SCSS", 6, 0, 0, 0, 0, 0, 0, 1, 7
"/Users/louislebras/Dropbox/STAMINA/www/donzellissr/scss/common-assets/_dyptique-people-module.scss", "SCSS", 78, 0, 0, 0, 0, 0, 1, 15, 94
"/Users/louislebras/Dropbox/STAMINA/www/donzellissr/scss/filters-system/_sidebar-filters.scss", "SCSS", 77, 0, 0, 0, 0, 0, 5, 12, 94
"/Users/louislebras/Dropbox/STAMINA/www/donzellissr/scss/filters-system/main-filters.scss", "SCSS", 2, 0, 0, 0, 0, 0, 0, 2, 4
"/Users/louislebras/Dropbox/STAMINA/www/donzellissr/scss/main.scss", "SCSS", 75, 0, 0, 0, 0, 0, 13, 16, 104
"/Users/louislebras/Dropbox/STAMINA/www/donzellissr/scss/offers-page-studiopro/_heading-page-offers.scss", "SCSS", 31, 0, 0, 0, 0, 0, 1, 6, 38
"/Users/louislebras/Dropbox/STAMINA/www/donzellissr/scss/offers-page-studiopro/_intro-offers-page.scss", "SCSS", 34, 0, 0, 0, 0, 0, 1, 7, 42
"/Users/louislebras/Dropbox/STAMINA/www/donzellissr/scss/offers-page-studiopro/_selector-offer.scss", "SCSS", 7, 0, 0, 0, 0, 0, 0, 2, 9
"/Users/louislebras/Dropbox/STAMINA/www/donzellissr/scss/offers-page-studiopro/main-offers-page.scss", "SCSS", 1, 0, 0, 0, 0, 0, 0, 1, 2
"/Users/louislebras/Dropbox/STAMINA/www/donzellissr/scss/products-style/_brand-section-product.scss", "SCSS", 38, 0, 0, 0, 0, 0, 3, 7, 48
"/Users/louislebras/Dropbox/STAMINA/www/donzellissr/scss/products-style/_brands-cta-class.scss", "SCSS", 6, 0, 0, 0, 0, 0, 0, 2, 8
"/Users/louislebras/Dropbox/STAMINA/www/donzellissr/scss/products-style/_brands-verified-class.scss", "SCSS", 6, 0, 0, 0, 0, 0, 0, 2, 8
"/Users/louislebras/Dropbox/STAMINA/www/donzellissr/scss/products-style/_heading-product.scss", "SCSS", 272, 0, 0, 0, 0, 0, 16, 36, 324
"/Users/louislebras/Dropbox/STAMINA/www/donzellissr/scss/products-style/_options-product.scss", "SCSS", 283, 0, 0, 0, 0, 0, 9, 48, 340
"/Users/louislebras/Dropbox/STAMINA/www/donzellissr/scss/products-style/_selector-other-products.scss", "SCSS", 124, 0, 0, 0, 0, 0, 1, 17, 142
"/Users/louislebras/Dropbox/STAMINA/www/donzellissr/scss/products-style/_sidebar-content-click.scss", "SCSS", 80, 0, 0, 0, 0, 0, 0, 12, 92
"/Users/louislebras/Dropbox/STAMINA/www/donzellissr/scss/products-style/_story-product.scss", "SCSS", 98, 0, 0, 0, 0, 0, 2, 16, 116
"/Users/louislebras/Dropbox/STAMINA/www/donzellissr/scss/products-style/main-product.scss", "SCSS", 93, 0, 0, 0, 0, 0, 0, 22, 115
"/Users/louislebras/Dropbox/STAMINA/www/donzellissr/server/base-html.html", "HTML", 0, 0, 36, 0, 0, 0, 0, 7, 43
"/Users/louislebras/Dropbox/STAMINA/www/donzellissr/server/html-rendering.mjs", "JavaScript", 0, 0, 0, 0, 0, 73, 6, 15, 94
"/Users/louislebras/Dropbox/STAMINA/www/donzellissr/server/ssr.mjs", "JavaScript", 0, 0, 0, 0, 0, 53, 10, 12, 75
"/Users/louislebras/Dropbox/STAMINA/www/donzellissr/utils/index.mjs", "JavaScript", 0, 0, 0, 0, 0, 68, 22, 21, 111
"Total", "-", 5318, 37, 28418, 7, 792, 686, 845, 4183, 40286